Name,Phone,Email,Address,Latitude,Longitude,Gender,DOB,Helps,Type
Katie Green,+15459385726x326,lcohen@example.com,"480 Charlotte Mission, Gainesville, FL",29.626779,-82.367843,Male,1991-11-29,"Security,Recovery,Legal,Information,Relocation",Individual
William Rice,(988)8606874x6606,tpatterson@example.net,"7682 Jeffrey Ports, Gainesville, FL",29.645483,-82.351811,Female,1952-02-12,"Supplies,Lost & Found,Medical Camps,Waste Removal,Pet Care,Helpline",Individual
Brian Gonzales,3388758502,darrenruiz@example.org,"66838 Baker Ports, Gainesville, FL",29.64487,-82.312029,Other,1983-12-09,"Mental Health,Rescue,Job Aid,Documentation,Medication,Emergency Kits",Individual
Terry Payne,6314479719,karen30@example.org,"122 Long Cove Apt. 362, Gainesville, FL",29.666399,-82.320458,Female,1978-11-16,"Cash Aid,Housing,Clearance,Babysitting",Individual
Ashley Long,5285619452,bspencer@example.net,"15259 Moore Throughway, Gainesville, FL",29.622493,-82.314694,Male,1951-08-31,"Resource Sharing,Information,Awareness,Rebuild",Individual
Marie French,(842)7601898x177,ryanstout@example.com,"442 May Lodge, Gainesville, FL",29.632266,-82.358662,Male,2000-04-17,"Emergency Kits,Drills,Equipment,School,Food Packs,Helpline",Individual
Emily Smith,+15269964875x9859,jacoblambert@example.org,"3882 Susan Expressway, Gainesville, FL",29.664451,-82.373385,Female,1979-06-10,"Translation,Temporary Shelter,Transport,Security,Relief,Documentation",Individual
Kenneth Stuart PhD,(450)5445867x1454,tboone@example.com,"08616 Johnson Islands, Gainesville, FL",29.637278,-82.367453,Male,1953-11-01,"Pet Care,Medication,Awareness,Food,Financial",Individual
Jeffrey Williams,0016268768099x28161,jenniferadams@example.org,"9553 John Land, Gainesville, FL",29.634745,-82.306008,Female,1980-10-11,"Financial,Recruitment,Helpline,Mental Health,Support,Medication,Emergency Kits",Individual
Noah Crawford,0018796577345x33546,matthewschristopher@example.com,"761 Morgan Road, Gainesville, FL",29.645327,-82.328879,Other,1981-03-15,"Hygiene,Equipment,Construction,Vaccination,Documentation,Recovery",Individual
Kenneth Jensen,8208985977,williamsjody@example.com,"38000 Natalie Plains, Gainesville, FL",29.656598,-82.336178,Other,1983-02-12,"Toolkits,First Aid,Rescue,Sandbags,Medication,Medical",Individual
Dylan Mcintosh,+18422223343x049,kevinwilson@example.net,"459 Gregory Viaduct Apt. 076, Gainesville, FL",29.638402,-82.34652,Other,1954-01-23,"Health Kits,Relocation,Medication,Needs Assessment",Individual
Gloria Charles,(927)8204774x2271,richcristian@example.net,"56089 Aaron Burgs, Gainesville, FL",29.63503,-82.319714,Male,1977-07-29,"Lost & Found,Collection,Recruitment,Construction,Transport",Individual
Victoria Roman,(243)8770416x68470,qperez@example.com,"82153 Jessica Canyon, Gainesville, FL",29.652714,-82.348084,Other,1961-04-06,"Health Kits,Waste Removal,Clearance,Recovery,Rescue,Medication",Individual
Shannon Phillips,+19876534475,gwoods@example.org,"52856 Ashley Ferry Suite 510, Gainesville, FL",29.62628,-82.352903,Female,1953-04-27,"Shelter,Water,Communication,Assessment,Clearance",Individual
Patrick Blair,852.303.9081x02951,abbottcatherine@example.org,"521 Jason Glens, Gainesville, FL",29.676887,-82.398123,Male,1966-11-25,"Pet Care,Power Supply,Rebuild,Clothing,Drills,Insurance",Individual
Scott Garcia,0015843947776x3823,pmitchell@example.org,"5557 Melissa Lodge Apt. 674, Gainesville, FL",29.647306,-82.374709,Male,1953-06-01,"Triage,Life Skills,Transport,Security",Individual
Joshua Cruz,9705344508x071,fhowe@example.com,"1796 Vega Curve Apt. 225, Gainesville, FL",29.623842,-82.300579,Male,1991-11-11,"Information,Helpline,Follow-up,Crowd Control,Temporary Schools,Support,Awareness",Individual
Kathryn Horn,+12637630071x80059,davidweeks@example.com,"77155 Kane Keys, Gainesville, FL",29.657038,-82.345699,Male,1952-03-02,"Supplies,Awareness,Recruitment,Counseling,Psych Support,Food Packs,Coordination",Individual
Gary Brown,+12689163438x8486,isaac08@example.com,"9101 Greene Inlet, Gainesville, FL",29.622142,-82.320586,Female,1996-04-11,"Hygiene,Clean-up,Communication,Supplies,Clothing,Psych Support",Individual
Scott Smith,423.688.9214x272,ashley44@example.net,"25772 Thompson Forks Suite 478, Gainesville, FL",29.630418,-82.343476,Female,1974-01-13,"Babysitting,Psych Support,Water,Needs Assessment,Trauma Support,Job Aid",Individual
Julie Stewart,4516868076x89732,matthewrichards@example.org,"65403 Samuel Forks, Gainesville, FL",29.648931,-82.332839,Other,1989-12-28,"Food,Alerts,Contacts,Needs Assessment,Collection",Individual
Dean Henry,410.787.5221,rachel14@example.org,"2866 Kathryn Landing, Gainesville, FL",29.633124,-82.324476,Female,1995-10-28,"Temporary Shelter,Power Supply,Construction",Individual
Brian Acevedo,637.251.7630,scott87@example.com,"958 Mary Field Apt. 520, Gainesville, FL",29.677402,-82.361287,Female,1985-04-21,"Life Skills,Information,Medication,Clean-up,Food,Food Packs",Individual
Jon Lloyd,9974376129,matthew38@example.com,"16530 Daniel Burgs Suite 968, Gainesville, FL",29.622267,-82.311242,Female,1955-10-06,"Housing,Hygiene,Clean-up,Legal,Hazard Map,Clearance,Helpline",Individual
Shelley Lee,(956)7357075,jwillis@example.org,"928 Kristopher Garden Suite 746, Gainesville, FL",29.62508,-82.359251,Female,1966-01-09,"Legal,Job Aid,Documentation,Food Packs,Helpline,Vaccination,Hygiene",Individual
Susan Harper,4312774610x3335,douglasdenise@example.net,"33764 Zachary Estates Apt. 547, Gainesville, FL",29.621108,-82.387461,Female,1972-08-09,"Construction,Rescue,Equipment",Individual
Jacob Santos,8743470057,nfields@example.net,"70109 Baxter Mission Apt. 957, Gainesville, FL",29.623132,-82.393999,Other,1976-10-10,"Translation,Language Help,Trauma Support,Hygiene",Individual
Daisy Powers,4659695153,summerryan@example.org,"77700 Graham Crescent, Gainesville, FL",29.679725,-82.373104,Female,1955-01-14,"Supplies,Medical,Crowd Control,Rescue,Awareness",Individual
Hannah Murray,+15096345506,welchshawn@example.net,"067 Solomon Inlet Apt. 114, Gainesville, FL",29.666416,-82.356748,Other,1996-10-22,"Medical Camps,Translation,Language Help,Crowd Control,Transport,Training",Individual
Megan Ramos,+16396023990,thomas60@example.org,"195 Jacob Stream Apt. 429, Gainesville, FL",29.660926,-82.345118,Female,1976-11-26,"Assessment,Contacts,Food Packs",Individual
Rebecca Clark,412.985.1129x752,jacquelineparker@example.net,"433 Abbott Dale Suite 977, Gainesville, FL",29.656741,-82.38547,Male,1957-04-11,"Damage Reports,Training,Trauma Support,Equipment,Water",Individual
Kirsten Davis,0015906646165x20081,jeff29@example.net,"3397 Nicole Expressway Apt. 498, Gainesville, FL",29.6759,-82.327213,Other,1967-02-20,"Crowd Control,Cash Aid,Waste Removal",Individual
William Olson,+14863939969,adam64@example.com,"9243 Abigail Pines Suite 962, Gainesville, FL",29.628079,-82.365797,Other,1999-10-09,"Security,Communication,Waste Removal,Transport,Recovery",Individual
Deborah Campbell,5378438681,hannah23@example.net,"23188 Ryan Cliffs, Gainesville, FL",29.674508,-82.303394,Other,1961-02-23,"Equipment,Support,Housing,First Aid,Documentation,Helpline",Individual
Dawn Gonzales,0019936332239,samuel40@example.org,"08186 Cooley Summit, Gainesville, FL",29.654861,-82.303505,Male,1976-12-31,"Medical Camps,Contacts,Training,Supplies,Food Packs,Translation",Individual
John Martinez,+14449204605x66067,bookertina@example.org,"41475 Mendoza Bypass Apt. 825, Gainesville, FL",29.668314,-82.340149,Female,1986-01-04,"Pet Care,Assessment,Collection,Resource Sharing,Toolkits",Individual
Katherine Oconnor,6865837893x044,natalie93@example.com,"38534 Jessica Trace, Gainesville, FL",29.664668,-82.396794,Male,1981-07-22,"Remapping,Drills,Documentation,Needs Assessment,Health Kits,Recovery",Individual
Kelly Williams,4429571702x135,bradshawrobert@example.net,"6204 Hunt Road Suite 786, Gainesville, FL",29.633527,-82.332669,Other,1976-06-22,"Cash Aid,Psych Support,Temporary Schools,Translation,Childcare,Water",Individual
Randy Vaughn,(723)6424857,cmaddox@example.org,"453 Rodriguez Hill Suite 713, Gainesville, FL",29.655005,-82.388049,Other,1976-03-24,"Rescue,Temporary Shelter,Recovery,Sandbags,Equipment",Individual
Lauren Johnson,7387857947,brandon48@example.net,"58934 Michele Isle, Gainesville, FL",29.648188,-82.389124,Male,1996-07-13,"Insurance,Rebuild,Medication,Food",Individual
Jennifer Decker,694.786.9202,brian96@example.org,"4709 Alexandria Squares Suite 458, Gainesville, FL",29.624092,-82.347591,Other,1958-02-07,"Lost & Found,Cash Aid,Collection,Clean-up",Individual
Meagan Martinez,0015138165357x739,corey17@example.org,"57723 Justin Plaza Apt. 143, Gainesville, FL",29.671413,-82.303198,Male,1992-05-03,"Evacuation,Recruitment,Translation,Food,Legal,Water",Individual
William Acosta,(934)9924628,karina91@example.com,"1302 Petersen Lane, Gainesville, FL",29.669135,-82.385592,Male,1969-12-19,"Hazard Map,Contacts,Needs Assessment,Waste Removal,Toolkits,Equipment",Individual
Philip Carter,(777)8689152,todd83@example.net,"71050 Mary Fields Apt. 205, Gainesville, FL",29.627454,-82.323908,Other,1973-03-04,"Crowd Control,Rebuild,Babysitting",Individual
April Woodard,2646386178,alexandra33@example.net,"24597 Steele Streets, Gainesville, FL",29.674701,-82.392205,Male,1949-03-19,"Needs Assessment,Triage,Job Aid,Vaccination,Financial Aid,Information,Communication",Individual
Gabriela Cameron,2414531752x1865,ryan10@example.net,"260 Hubbard Prairie Apt. 390, Gainesville, FL",29.677518,-82.369497,Other,1955-11-26,"Damage Reports,Triage,Food",Individual
Amy Williams,970.485.9982,amandatucker@example.net,"73902 Young Point Suite 293, Gainesville, FL",29.667838,-82.369906,Other,1965-09-12,"Coordination,Assessment,Food,Evacuation,Vaccination,Power Supply,Waste Removal",Individual
Dana Pena,(864)5650719,xmartinez@example.net,"47316 Briana Alley Suite 890, Gainesville, FL",29.657392,-82.383237,Female,1999-06-23,"First Aid,Relocation,Clearance",Individual
Tracy Patrick,0016092531194x251,jacobvargas@example.net,"7127 Nguyen Extensions, Gainesville, FL",29.663717,-82.309812,Male,1996-12-31,"Sanitation,Financial,Mental Health",Individual
Kevin Crawford,+15999702590x4522,bowentamara@example.org,"31489 Charles Groves, Gainesville, FL",29.654023,-82.324419,Female,1995-05-03,"Hazard Map,Legal,Blood Donation,Damage Reports,Mental Health",Individual
Beth Jones,0018305961666,pmoore@example.com,"84656 James Course Suite 845, Gainesville, FL",29.629211,-82.354034,Female,1998-01-24,"Communication,Babysitting,Relief,Temporary Schools",Individual
David Huang,+13416154575x96556,riveradarryl@example.org,"26254 Jennifer Green, Gainesville, FL",29.666198,-82.337226,Other,1999-09-07,"Legal,Temporary Shelter,Mental Health,Recruitment",Individual
Jeffrey Anthony,2402988721,dunndenise@example.net,"667 Jones Path, Gainesville, FL",29.668249,-82.34713,Other,1950-04-15,"Blood Donation,Documentation,Water,Babysitting,Drills,Remapping",Individual
Jennifer Johnson,523.577.0192x671,richard79@example.org,"15373 Benjamin Loop, Gainesville, FL",29.621302,-82.311458,Male,1999-09-30,"Vaccination,Resource Sharing,Medical,Drills,Clearance",Individual
Michael Garcia,8476682066,xmcclure@example.net,"111 Cannon Island Apt. 776, Gainesville, FL",29.634476,-82.390575,Male,1967-06-13,"Equipment,Construction,Toolkits,Awareness",Individual
Daniel Davis,8125423025,johnsonsuzanne@example.org,"8758 Sullivan Lights, Gainesville, FL",29.657783,-82.393068,Female,1995-03-05,"Temporary Shelter,Debris Removal,Lost & Found,Blood Donation,Childcare",Individual
Melody Ward,641.845.8306x884,ryan02@example.net,"178 Wendy Bypass Apt. 703, Gainesville, FL",29.6324,-82.391164,Male,1990-06-04,"Crowd Control,Communication,Evacuation",Individual
Samuel Barker,(315)3225207x7904,griffinjennifer@example.net,"034 Michelle Skyway Suite 579, Gainesville, FL",29.629398,-82.333343,Female,1982-11-12,"Drills,Support,Triage,Clearance,Toolkits",Individual
Daniel Stokes,(712)3798131,wwarren@example.com,"792 Hector View, Gainesville, FL",29.675049,-82.367965,Other,1982-08-03,"Toolkits,Sanitation,Clearance,Blood Donation,Documentation",Individual
Kenneth Williams,4749259719,rscott@example.org,"4928 Wilkins Crossing, Gainesville, FL",29.623251,-82.30061,Male,1949-10-23,"Financial Aid,Information,Temporary Schools,Recruitment",Individual
John Conner DDS,0015793879111,john12@example.org,"43512 Ian Ridge Apt. 147, Gainesville, FL",29.657888,-82.323555,Female,1948-12-17,"Cash Aid,Resource Sharing,Relief,Rescue,Clearance,Blood Donation",Individual
Eric Hartman,597.681.1202x39540,pdiaz@example.com,"598 Laura Coves, Gainesville, FL",29.676798,-82.390607,Other,1998-08-12,"Damage Reports,Support,Relief,Financial,Babysitting",Individual
Luke Fowler,(419)4339604x97230,ryan32@example.net,"7817 Munoz Haven Suite 555, Gainesville, FL",29.649378,-82.361908,Other,1984-07-17,"Babysitting,Insurance,Documentation",Individual
Haley Owens,603.883.3384,stephanierivas@example.net,"1067 Laura Rest Apt. 504, Gainesville, FL",29.642752,-82.359589,Other,1989-04-29,"Power Supply,Hazard Map,Water,Sandbags,Legal,Rebuild,Blood Donation",Individual
Benjamin Howell,(325)2065408x238,patrickbrooks@example.com,"0282 Sarah Ville Apt. 846, Gainesville, FL",29.630206,-82.371014,Other,1954-02-26,"Childcare,Clean-up,Evacuation,Documentation",Individual
Pamela Thomas,4732187738,michelle47@example.org,"90603 Wilson Rapids Suite 606, Gainesville, FL",29.649082,-82.349476,Male,1970-08-19,"Power Supply,Collection,Supplies,Financial Aid,Food",Individual
Julian Barnes,818.232.5746,boydsamuel@example.net,"378 Matthew Shoals, Gainesville, FL",29.625204,-82.35049,Other,1958-05-22,"Alerts,Water,Rescue,Trauma Support,Remapping,Recruitment,Babysitting",Individual
Blake Phelps,0016253764076,maria18@example.org,"47451 Carmen Islands Suite 560, Gainesville, FL",29.667279,-82.39454,Other,1971-11-09,"Babysitting,Support,Hygiene",Individual
Luke Gonzalez,300.551.9520x558,figueroajulie@example.net,"67053 Joseph Bridge Suite 725, Gainesville, FL",29.670778,-82.353618,Male,1997-12-02,"Emergency Kits,Toolkits,Legal,Information,Resource Sharing,Health Kits,Medical Camps",Individual
Thomas Henderson,(405)5239850x001,jasonmay@example.net,"211 Natalie Ports Suite 112, Gainesville, FL",29.646682,-82.365112,Female,1957-07-27,"Health Kits,Mental Health,Legal,Emergency Kits,Assessment,Follow-up,Job Aid",Individual
Katrina Blackwell,344.884.1744x972,andreafisher@example.net,"748 John Plains Apt. 293, Gainesville, FL",29.651508,-82.3084,Other,1967-12-02,"School,Sanitation,Clothing",Individual
Emily Black,0014628894059x268,bryanjimenez@example.org,"798 Timothy Station, Gainesville, FL",29.630907,-82.398412,Male,1955-12-24,"Hazard Map,Contacts,Vaccination,Construction,Babysitting",Individual
William Reese,0018138098389x23868,robertbeard@example.net,"24877 Mary Centers Apt. 295, Gainesville, FL",29.656664,-82.308005,Female,1975-07-16,"Medical,Medical Camps,Debris Removal,Supplies,Follow-up,Resource Sharing,Evacuation",Individual
Mrs. Julie Nelson,646.426.0825x8729,michael18@example.net,"4934 Leslie Village Suite 593, Gainesville, FL",29.668316,-82.388821,Other,1951-12-10,"Financial,Resource Sharing,Triage,Hazard Map,Housing,Temporary Schools,Waste Removal",Individual
Jason Anderson,(721)3956364x32338,john05@example.org,"5972 Lauren Unions Suite 169, Gainesville, FL",29.653403,-82.341572,Other,1988-09-05,"Childcare,Medication,Triage",Individual
Natalie Gonzalez,+16696058163x109,santiagomichelle@example.org,"566 Mills Spur, Gainesville, FL",29.671296,-82.334626,Other,1949-04-12,"Crowd Control,Health Kits,Needs Assessment,Follow-up,Equipment,Power Supply",Individual
Robert Campbell,4265365741,andrewsdebra@example.org,"96499 James Gateway Apt. 706, Gainesville, FL",29.636467,-82.321238,Male,1985-03-18,"Resource Sharing,Information,Rescue,Coordination,Pet Care,Temporary Shelter",Individual
Mary Henderson,944.975.3683x7335,ashlee58@example.net,"8065 Scott Orchard, Gainesville, FL",29.631648,-82.388548,Male,1986-06-11,"Food Packs,Construction,Medical Camps,Crowd Control,Contacts",Individual
Shannon Johns,3257070139,mackenzie54@example.net,"949 Stephen Rue Suite 232, Gainesville, FL",29.630643,-82.302564,Male,1984-07-21,"Contacts,Crowd Control,Temporary Shelter,Transport,Helpline",Individual
Rhonda Mullins,+18529572858x49009,leslie91@example.com,"38469 Angela Fort, Gainesville, FL",29.676513,-82.320552,Other,1978-06-14,"Insurance,Debris Removal,Cash Aid",Individual
Katherine Garcia,+16315160558x1146,williambrown@example.org,"049 Miller Valleys, Gainesville, FL",29.668151,-82.396172,Other,1991-12-04,"Clothing,Lost & Found,Language Help,Power Supply",Individual
Daniel Brown,7368473689,churchantonio@example.org,"87909 Hansen Loop Suite 059, Gainesville, FL",29.628319,-82.325526,Male,1955-10-22,"Health Kits,Debris Removal,Evacuation,Equipment,Housing,Blood Donation,Relocation",Individual
Daniel Stark,(402)2550438x2509,brandy17@example.org,"231 Morris Wall Suite 246, Gainesville, FL",29.628246,-82.396243,Male,1965-06-10,"Security,Medication,Information,Recruitment,Pet Care",Individual
Travis Edwards,4562865260x462,wilcoxjames@example.com,"9966 Kyle Terrace, Gainesville, FL",29.643284,-82.392058,Female,1955-04-10,"Insurance,Childcare,Construction,Sandbags,First Aid,Medical Camps,Clean-up",Individual
Jack Ortega,(661)4086954x9106,julia65@example.com,"857 Sean Roads, Gainesville, FL",29.67143,-82.333371,Female,1986-07-13,"Hazard Map,Pet Care,Toolkits",Individual
Jason Charles,609.552.2251,nstark@example.net,"50304 Jackson Walk, Gainesville, FL",29.636618,-82.385761,Male,1967-03-09,"Financial Aid,Clothing,Childcare,Babysitting",Individual
Benjamin Crane,+17044466489x4695,fross@example.org,"8744 Cooper Lane Suite 684, Gainesville, FL",29.634981,-82.358345,Female,1959-03-20,"Debris Removal,Clean-up,Medication,Financial",Individual
Sheila Thomas,755.874.4868,christophersalazar@example.net,"560 Tracy Expressway, Gainesville, FL",29.622063,-82.369267,Male,1986-04-28,"Awareness,Remapping,Food Packs,Job Aid",Individual
Tracy Mendoza,(272)4106691x5189,sandrablair@example.org,"8251 Gutierrez Radial, Gainesville, FL",29.634322,-82.331562,Other,1984-06-27,"Language Help,Collection,Shelter",Individual
Dana Long,440.762.1091,vclay@example.org,"790 Travis Drive, Gainesville, FL",29.679916,-82.349683,Female,1979-07-07,"Recruitment,Crowd Control,Job Aid,Pet Care,Coordination",Individual
Jesus Holloway MD,2879264216x146,dalton48@example.org,"3438 Alexander Radial Apt. 818, Gainesville, FL",29.639238,-82.389437,Other,1992-04-02,"Alerts,Trauma Support,Support,Needs Assessment,Housing,Hazard Map",Individual
Deanna Brooks,449.534.1203,paynedenise@example.com,"31961 Gonzales Spring Apt. 559, Gainesville, FL",29.626086,-82.38604,Female,1955-12-25,"First Aid,Babysitting,Insurance,Assessment,Toolkits,Temporary Schools",Individual
Robert Bartlett,(747)3755639,cashley@example.com,"334 Billy Village, Gainesville, FL",29.659195,-82.30009,Male,1961-09-26,"Follow-up,Hazard Map,Temporary Schools,Relocation",Individual
Robert Jones,(350)8809282x42508,amandaharrington@example.com,"97321 Medina Trail, Gainesville, FL",29.649595,-82.387466,Female,1957-01-25,"Insurance,Cash Aid,Childcare,Coordination,Relocation,Debris Removal",Individual
Louis Martinez,4583343826x792,victoria88@example.net,"7451 Mcdaniel Well Apt. 999, Gainesville, FL",29.662151,-82.351777,Female,1964-04-22,"Psych Support,Waste Removal,Emergency Kits,Resource Sharing,Relocation,Rescue",Individual
Robin Davis,973.842.8254x639,williamsdiane@example.net,"582 Amber Walk Apt. 508, Gainesville, FL",29.674214,-82.345315,Female,1950-10-29,"Coordination,Medical Camps,Drills,Temporary Schools,Follow-up,Damage Reports,Hygiene",Individual
Kimberly Adams,0012779265414x246,josephpalmer@example.com,"487 Kline Fort Apt. 628, Gainesville, FL",29.673319,-82.316242,Male,1975-03-28,"Relief,Needs Assessment,Clothing,Follow-up,Clean-up,First Aid",Individual
Annette Vazquez,984.644.3092x18740,joneslarry@example.net,"0197 Moore Burg Suite 181, Gainesville, FL",29.624319,-82.309349,Male,1974-11-09,"Life Skills,Documentation,Crowd Control,Construction,Supplies,Medication,Rebuild",Individual
Sean Allen,0013727105829,uvalencia@example.net,"636 Fuller Forest, Gainesville, FL",29.658531,-82.320868,Other,1965-01-02,"Language Help,Collection,Life Skills,Financial,Sanitation,Health Kits,Crowd Control",Individual
Allison Green,+19552166480x763,evansjames@example.net,"4239 Hart Radial, Gainesville, FL",29.677759,-82.322062,Female,1994-12-02,"Life Skills,Food,Communication,Medication,Emergency Kits",Individual
Lane-Gray,282.264.6088x5686,raymond16@example.org,"65979 Vasquez Mall, Gainesville, FL",29.641969,-82.332231,,,"Transport,Toolkits,Relocation",Supplies
"Carson, Bowman and White",4879685950x0175,timothyanderson@example.net,"759 Heather Spring, Gainesville, FL",29.629683,-82.393775,,,"Hygiene,Translation,Emergency Kits,Babysitting,Rescue,Clothing",Supplies
"Cole, Perry and Espinoza",964.647.8184,larsonanthony@example.org,"15934 Ana Court, Gainesville, FL",29.64478,-82.333077,,,"Needs Assessment,Evacuation,Emergency Kits,Food Packs,Awareness,Psych Support",Supplies
Jones-Santana,6448100212,jacobmartin@example.com,"382 Katie Stream Suite 223, Gainesville, FL",29.645782,-82.397889,,,"Food,Training,Temporary Shelter,Waste Removal,Information",Supplies
Burgess Inc,(374)2012434x969,shirley76@example.net,"4642 Watts Turnpike Apt. 169, Gainesville, FL",29.622676,-82.347279,,,"Hygiene,Assessment,Helpline",Supplies
"Mcintosh, Carney and Hughes",+13267524396x10127,briggsjill@example.net,"90588 Ricky Branch, Gainesville, FL",29.667744,-82.336247,,,"Temporary Schools,Resource Sharing,Pet Care",Supplies
Ruiz Group,780.689.6224x000,xholmes@example.com,"0933 Luis Squares, Gainesville, FL",29.674996,-82.305311,,,"Blood Donation,Communication,Medication,Babysitting",Supplies
"Johnson, Smith and Washington",+14675335098x94642,ecosta@example.org,"59619 Justin Station, Gainesville, FL",29.635555,-82.385884,,,"Housing,Emergency Kits,Toolkits,Construction",Supplies
Good-Russo,6027832160x59068,mmoore@example.com,"6476 Berry Unions Suite 668, Gainesville, FL",29.647051,-82.331458,,,"Recovery,Recruitment,Support,Food",Supplies
Hall Inc,+15627696304,abigail44@example.net,"3452 Pena Court Apt. 880, Gainesville, FL",29.674274,-82.326107,,,"Security,Evacuation,Crowd Control,Awareness,Coordination,Toolkits",Medical
Flowers Group,388.332.0491x0562,myersbrian@example.net,"141 Catherine Village, Gainesville, FL",29.653983,-82.380182,,,"Debris Removal,Hygiene,Job Aid,Communication,Financial Aid",Supplies
"Gordon, Miller and Miller",+18572446954x796,stephen17@example.net,"1821 Amy Ports Apt. 690, Gainesville, FL",29.646126,-82.313883,,,"Medical,First Aid,Construction,Alerts,Counseling,Cash Aid,Rescue",Medical
Zimmerman-Norton,267.945.5442x2823,brian64@example.net,"8053 Catherine River Apt. 156, Gainesville, FL",29.660108,-82.364944,,,"Recruitment,Training,Financial Aid,Security,Recovery,Needs Assessment",Supplies
Austin LLC,0016506120815x4936,martinezebony@example.net,"16664 Bell Loop, Gainesville, FL",29.636526,-82.384924,,,"Shelter,Childcare,Life Skills,Triage,Rescue,Legal",Police
"Schultz, Rodriguez and Love",788.946.2485,deborahbishop@example.org,"19498 Bates Knolls, Gainesville, FL",29.667419,-82.391979,,,"Contacts,Triage,Resource Sharing,Clean-up,Relocation,Drills,Rebuild",Medical
Hernandez-Ramirez,4994841984x262,taylorrodriguez@example.org,"212 Samuel Corners Apt. 516, Gainesville, FL",29.644994,-82.375974,,,"Pet Care,Water,Alerts,Medication,Shelter",Supplies
"Houston, Lawson and Cole",(986)3971283x95584,jenniferpowell@example.com,"17123 Horn Orchard, Gainesville, FL",29.670206,-82.386144,,,"Relief,Coordination,Sanitation,Food,Clean-up,Equipment,Recovery",Supplies
Carter Group,(761)5176836,dkelly@example.net,"427 Garrett Port, Gainesville, FL",29.670838,-82.355681,,,"Toolkits,Rebuild,Power Supply,Health Kits,Assessment,Resource Sharing",Medical
"Simmons, George and Thompson",0012358935888x15598,gtownsend@example.net,"99869 Burns Locks, Gainesville, FL",29.630533,-82.332135,,,"Power Supply,Triage,Awareness,Clothing,Food",Supplies
Howell-Taylor,9777491111x207,richolivia@example.net,"3499 Denise Run, Gainesville, FL",29.641003,-82.301868,,,"Medical,Pet Care,Documentation,Support,Mental Health",Supplies
"Montoya, Mcdonald and Anderson",(565)4804040x95237,georgebrennan@example.com,"62840 Rick Springs, Gainesville, FL",29.623956,-82.301447,,,"Triage,Hazard Map,Recovery,Mental Health,Supplies,Medical,Financial",Supplies
Parks and Sons,3208322603,brownashley@example.net,"3148 Fritz Glens Suite 370, Gainesville, FL",29.620544,-82.326458,,,"Housing,Vaccination,Pet Care,Psych Support",Supplies
Burke LLC,7982172194,warroyo@example.org,"62602 Marks Garden Suite 412, Gainesville, FL",29.673247,-82.384825,,,"School,Damage Reports,Recovery,Drills",Medical
Le Ltd,+15742037965x45891,curtisgary@example.com,"441 Cummings Ridges, Gainesville, FL",29.662533,-82.314067,,,"Assessment,Medication,Vaccination",Supplies
Hamilton-Lee,473.347.8801x964,brian48@example.net,"4173 Michael Villages, Gainesville, FL",29.662772,-82.319204,,,"Mental Health,Contacts,Follow-up,Debris Removal,Emergency Kits,Legal,Transport",Supplies
Wong PLC,(922)5973340,gbird@example.org,"64932 Salas Pike Apt. 800, Gainesville, FL",29.64922,-82.338502,,,"Job Aid,Alerts,Health Kits,Communication",Police
"Watson, Burns and Cervantes",6282015725,smithkevin@example.net,"07441 Carter Square, Gainesville, FL",29.629985,-82.387516,,,"Shelter,School,Financial",Supplies
Ramos LLC,0014908376079x010,brittany21@example.com,"23357 Jessica Flats, Gainesville, FL",29.669882,-82.333882,,,"Follow-up,Coordination,Resource Sharing,Emergency Kits",Supplies
"Atkins, Brown and Gonzalez",9444812688,bryantsherri@example.org,"45602 Williams Cape Suite 307, Gainesville, FL",29.678813,-82.386394,,,"Power Supply,Remapping,Relocation,Recovery,Toolkits,Financial Aid",Supplies
Morrison-Gomez,655.531.5107x9894,mrodriguez@example.org,"99105 Mason Ports Apt. 059, Gainesville, FL",29.671945,-82.301343,,,"Pet Care,Crowd Control,First Aid,Contacts,Temporary Schools,Evacuation,Cash Aid",Supplies
Cochran-Sanchez,(799)4656177x75442,vjimenez@example.com,"5972 Ferguson Squares Suite 324, Gainesville, FL",29.66859,-82.317787,,,"Medical,Job Aid,Communication,Hazard Map,Training,Hygiene,Language Help",Supplies
Powell Group,6613544071,agibson@example.net,"462 Bowman Causeway Apt. 452, Gainesville, FL",29.669212,-82.351326,,,"First Aid,Supplies,Follow-up,Crowd Control,Lost & Found,Shelter,Clearance",Supplies
Pittman-Hamilton,405.915.5464x1435,smithalyssa@example.net,"543 Michael Expressway, Gainesville, FL",29.654706,-82.399222,,,"Recruitment,Hygiene,Counseling",Supplies
"Garcia, Kirby and Wolf",5917588722,tina05@example.com,"56623 Johnson Turnpike Apt. 757, Gainesville, FL",29.643351,-82.364719,,,"Vaccination,Clearance,Rebuild,Emergency Kits",Supplies
Myers-Dixon,(480)5787888x9228,deangarcia@example.net,"21619 Keith Fort, Gainesville, FL",29.67494,-82.379656,,,"Temporary Shelter,Insurance,Sanitation,Crowd Control",Supplies
"Gardner, Wood and Allen",4307929849,jacksontammy@example.com,"5106 Wright Prairie, Gainesville, FL",29.675319,-82.342622,,,"Vaccination,Communication,Counseling,Assessment,Hygiene,Construction,Sanitation",Supplies
Scott-Jacobs,634.987.9952,yhutchinson@example.net,"759 Wade Lights Suite 550, Gainesville, FL",29.629695,-82.37585,,,"Relief,Clearance,Information,Lost & Found,Medical Camps",Supplies
Jones PLC,(211)5319956,ewright@example.com,"18195 Donald Station, Gainesville, FL",29.672493,-82.367889,,,"Contacts,Health Kits,Training,Damage Reports,Sandbags",Supplies
Williamson Group,+15945587684x55691,nelsongabrielle@example.net,"719 Miller Springs Suite 859, Gainesville, FL",29.634862,-82.360933,,,"Assessment,Trauma Support,Communication,Recruitment,Crowd Control",Police
Pena PLC,0013405954709,james71@example.net,"00697 Neal Loaf Suite 031, Gainesville, FL",29.636364,-82.39746,,,"Housing,Crowd Control,Food,Support,Medication,Follow-up,Cash Aid",Medical
"James, Bass and Nguyen",470.586.2330,johnsjustin@example.com,"1575 Gonzalez Inlet Suite 151, Gainesville, FL",29.648001,-82.389983,,,"Blood Donation,Damage Reports,Cash Aid,Medication,Clearance",Supplies
Thompson-Ray,8046532068,brookeward@example.com,"573 Cook Cove Apt. 756, Gainesville, FL",29.632203,-82.386944,,,"Crowd Control,Psych Support,Pet Care,Collection,Alerts",Supplies
Marshall-Barrera,3255084136x3980,robertgutierrez@example.org,"196 Alan Burg, Gainesville, FL",29.629828,-82.329114,,,"Blood Donation,Job Aid,Relocation,Communication,Legal,Vaccination,Toolkits",Police
Berger Ltd,4439820342,pmoore@example.org,"06081 Wendy Divide, Gainesville, FL",29.655581,-82.324012,,,"Emergency Kits,Counseling,Hazard Map,Information",Supplies
"Calhoun, Wolfe and Gill",6772496494x8984,kathryn60@example.org,"139 David Estates, Gainesville, FL",29.653894,-82.351036,,,"Follow-up,Translation,Resource Sharing,Financial Aid,Sanitation,Medical,Language Help",Medical
Long Ltd,(898)6086593,catherine42@example.com,"32172 Duran Ford Suite 584, Gainesville, FL",29.651244,-82.386175,,,"Financial,Emergency Kits,Clean-up",Supplies
"Lewis, Collins and Owens",(707)4749611x22248,dramos@example.net,"08069 Jones Village, Gainesville, FL",29.649742,-82.354704,,,"School,Medication,Waste Removal,Awareness",Supplies
Bridges-Johnson,6963484165x747,aandrews@example.com,"45149 Sarah Vista Apt. 067, Gainesville, FL",29.662371,-82.369946,,,"Remapping,Documentation,Health Kits",Supplies
Todd Group,3129999588,ypatterson@example.com,"98297 Natalie Tunnel Suite 696, Gainesville, FL",29.647856,-82.318485,,,"Psych Support,Information,Mental Health",Police
